fecha,tmax,tmin,lluvia
2026-01-01,13.9,5.0,0.0
2026-01-02,15.4,6.9,0.0
2026-01-03,14.9,6.7,0.1
2026-01-04,12.9,8.4,2.3
2026-01-05,10.7,8.0,22.1
2026-01-06,9.9,2.2,6.8
2026-01-07,12.0,3.1,0.0
2026-01-08,15.7,5.6,0.0
2026-01-09,18.2,6.3,0.0
2026-01-10,14.6,5.7,0.0
2026-01-11,15.8,6.1,0.0
2026-01-12,17.1,5.3,0.0
2026-01-13,15.3,5.1,0.0
2026-01-14,15.4,4.7,0.0
2026-01-15,16.8,6.3,0.0
2026-01-16,15.7,8.0,0.2
2026-01-17,13.9,8.0,6.9
2026-01-18,12.8,4.4,0.0
2026-01-19,14.9,5.6,0.1
2026-01-20,15.7,8.2,0.0
2026-01-21,15.7,9.1,0.7
2026-01-22,15.6,9.4,1.8
2026-01-23,17.0,8.9,2.9
2026-01-24,13.3,6.6,1.3
2026-01-25,18.0,5.6,0.1
2026-01-26,21.3,10.5,0.0
2026-01-27,20.0,11.5,0.0
2026-01-28,18.0,9.2,5.2
2026-01-29,22.4,9.7,0.4
2026-01-30,19.6,10.4,0.0
2026-01-31,16.4,10.7,0.2
2026-02-01,16.9,8.1,0.2
2026-02-02,17.0,8.3,0.2
2026-02-03,15.1,4.7,0.0
2026-02-04,14.6,8.3,10.3
2026-02-05,24.0,9.5,2.1
2026-02-06,18.7,9.3,0.2
2026-02-07,16.2,7.2,0.1
2026-02-08,15.1,9.3,0.0
2026-02-09,20.1,7.0,4.4
2026-02-10,24.4,11.1,0.7
2026-02-11,25.3,14.8,0.0
2026-02-12,21.4,14.4,0.0
2026-02-13,19.2,9.3,1.5
2026-02-14,16.8,10.8,0.0
2026-02-15,21.2,10.2,0.0
2026-02-16,22.3,13.5,0.0
2026-02-17,23.6,15.5,0.0
2026-02-18,22.6,8.9,0.0
2026-02-19,19.1,11.6,0.0
2026-02-20,20.7,9.6,0.0
2026-02-21,20.3,6.2,0.0
2026-02-22,22.7,6.5,0.0
2026-02-23,23.4,7.9,0.0
2026-02-24,23.4,7.2,0.0
2026-02-25,21.8,6.7,0.0
2026-02-26,20.0,7.3,0.0
2026-02-27,19.0,5.6,0.0
2026-02-28,17.7,9.7,0.0
2026-03-01,16.4,10.3,0.1
2026-03-02,15.5,8.0,0.7
2026-03-03,20.6,10.3,3.1
2026-03-04,19.1,11.6,0.3
2026-03-05,13.5,10.9,20.2
2026-03-06,17.5,8.0,6.7
2026-03-07,15.3,6.7,5.1
2026-03-08,16.1,9.1,7.9
2026-03-09,18.1,7.7,0.0
2026-03-10,12.0,8.5,16.3
2026-03-11,17.1,10.3,5.9
2026-03-12,19.1,10.4,0.1
2026-03-13,22.2,8.9,0.0
2026-03-14,18.2,9.8,0.0
2026-03-15,17.9,10.5,1.6
2026-03-16,18.8,6.6,0.0
2026-03-17,20.2,6.3,0.0
2026-03-18,18.8,4.6,0.0
2026-03-19,17.5,8.0,0.0
2026-03-20,15.3,10.6,1.0
2026-03-21,14.4,10.5,2.3
2026-03-22,18.4,8.1,0.0
2026-03-23,18.4,7.8,0.0
2026-03-24,17.8,7.4,0.0
2026-03-25,23.0,6.8,0.0
2026-03-26,18.7,8.6,0.0
2026-03-27,17.1,7.9,0.2
2026-03-28,20.5,7.1,0.0
2026-03-29,16.2,9.2,0.0
2026-03-30,19.6,5.8,0.0
2026-03-31,23.3,9.7,0.0
2026-04-01,23.6,9.2,0.0
2026-04-02,22.9,11.5,0.0
2026-04-03,22.3,9.2,0.0
2026-04-04,23.6,7.9,0.0
2026-04-05,23.8,8.8,0.0
2026-04-06,22.3,9.0,0.0
2026-04-07,21.3,10.2,0.0
2026-04-08,23.5,11.7,0.0
2026-04-09,24.9,11.1,0.0
2026-04-10,27.5,11.2,0.0
2026-04-11,25.8,14.6,0.4
2026-04-12,21.2,13.9,11.0
2026-04-13,19.1,10.6,2.6
2026-04-14,22.9,9.9,0.0
2026-04-15,25.9,11.4,0.0
2026-04-16,24.7,12.3,0.0
2026-04-17,27.3,12.1,0.0
2026-04-18,26.9,11.9,0.0
2026-04-19,27.2,13.1,0.0
2026-04-20,28.6,12.3,0.0
2026-04-21,26.8,12.0,0.0
2026-04-22,29.8,15.1,0.0
2026-04-23,25.5,14.8,0.0
2026-04-24,21.6,13.5,23.1
2026-04-25,17.9,13.5,18.0
2026-04-26,20.7,11.2,0.0
2026-04-27,21.7,11.2,0.0
2026-04-28,22.8,11.8,0.9
2026-04-29,23.4,13.6,0.0
2026-04-30,27.3,14.3,0.0
2026-05-01,24.7,16.8,5.4
2026-05-02,21.4,16.1,3.3
2026-05-03,24.1,14.7,1.2
2026-05-04,23.7,16.7,9.0
2026-05-05,25.5,14.3,0.1
2026-05-06,23.0,12.7,0.0
2026-05-07,18.3,13.9,11.1
2026-05-08,21.4,11.8,2.0
2026-05-09,21.7,13.0,14.6
2026-05-10,24.1,12.3,0.1
2026-05-11,25.8,14.2,0.0
2026-05-12,27.8,13.2,0.0
2026-05-13,26.8,15.9,0.0
2026-05-14,27.6,15.7,0.0
2026-05-15,24.5,16.4,1.1
2026-05-16,25.9,12.1,0.0
2026-05-17,23.1,12.3,2.3
2026-05-18,26.5,14.4,2.4
2026-05-19,29.7,15.2,0.0
2026-05-20,30.1,15.8,0.0
2026-05-21,29.7,14.4,0.0
2026-05-22,30.3,15.1,0.0
2026-05-23,29.7,15.9,0.0
2026-05-24,30.3,15.0,0.0
2026-05-25,29.6,15.9,0.0
2026-05-26,29.6,16.2,0.0
2026-05-27,31.1,16.0,0.0
2026-05-28,32.3,16.8,0.0
2026-05-29,35.0,17.3,0.0
2026-05-30,35.5,19.2,0.0
2026-05-31,33.6,20.2,0.0
2026-06-01,33.8,19.6,0.0
2026-06-02,39.2,20.5,0.0
2026-06-03,29.7,21.9,0.0
2026-06-04,31.9,20.3,0.0
2026-06-05,27.4,21.1,0.4
2026-06-06,30.2,20.5,0.0
2026-06-07,28.4,19.7,0.0
2026-06-08,31.6,19.2,0.0
2026-06-09,29.7,20.0,0.0
2026-06-10,28.4,20.9,0.0
2026-06-11,28.1,20.5,0.0
2026-06-12,27.8,18.2,0.0
2026-06-13,30.3,18.3,0.0
2026-06-14,31.7,18.7,0.0
2026-06-15,36.0,21.0,0.2
2026-06-16,32.4,20.6,0.0
2026-06-17,33.5,19.0,0.0
2026-06-18,32.7,21.3,0.0
2026-06-19,32.6,20.8,0.0
2026-06-20,33.0,21.9,0.0
2026-06-21,33.2,21.5,0.0
2026-06-22,35.5,20.9,0.0
2026-06-23,36.9,21.4,0.0
2026-06-24,35.4,21.6,0.0
2026-06-25,34.1,21.1,0.0
2026-06-26,33.4,21.6,0.0
2026-06-27,34.3,22.4,0.0
2026-06-28,34.9,21.5,0.0
2026-06-29,34.0,23.9,0.0
2026-06-30,35.3,23.1,0.0
2026-07-01,36.4,22.8,0.0
2026-07-02,32.1,23.7,0.4
2026-07-03,33.8,21.8,0.0
2026-07-04,34.2,21.5,0.0
2026-07-05,34.6,21.7,0.0
2026-07-06,37.4,21.7,0.0
2026-07-07,39.4,21.9,0.0
2026-07-08,41.4,22.7,0.0
2026-07-09,40.5,24.8,0.0
2026-07-10,38.2,22.4,0.0
2026-07-11,34.3,23.8,0.0
2026-07-12,34.5,22.9,0.0
2026-07-13,36.2,25.2,0.0
2026-07-14,37.6,22.7,0.0
2026-07-15,42.2,25.9,0.0
2026-07-16,41.0,25.2,0.0
2026-07-17,41.0,25.3,0.0
2026-07-18,36.6,24.6,0.0
2026-07-19,36.6,24.8,0.1
2026-07-20,39.6,25.7,0.4
2026-07-21,40.9,26.1,0.0
2026-07-22,36.7,24.0,0.0
2026-07-23,44.4,26.5,0.3
2026-07-24,39.4,26.6,0.0
2026-07-25,37.3,26.4,0.0
2026-07-26,36.8,24.3,0.0
2026-07-27,33.0,22.5,0.0
2026-07-28,34.0,23.2,0.0
2026-07-29,35.1,21.7,0.0
2026-07-30,36.1,22.3,0.0
2026-07-31,37.8,22.7,0.0
2026-08-01,35.5,24.3,0.0
2026-08-02,39.4,24.5,0.0
2026-08-03,40.3,24.0,0.0
2026-08-04,39.4,25.9,0.0
2026-08-05,35.6,24.4,0.0
2026-08-06,35.2,24.7,0.0
2026-08-07,36.8,23.8,0.0
2026-08-08,38.2,23.6,0.0
2026-08-09,36.7,23.9,0.0
2026-08-10,35.0,25.4,0.4
2026-08-11,36.9,24.3,0.0
2026-08-12,36.3,24.4,0.0
2026-08-13,37.5,24.5,0.0
2026-08-14,37.9,24.4,0.0
2026-08-15,37.7,23.1,0.0
2026-08-16,34.4,23.0,0.0
2026-08-17,36.3,24.0,0.0
2026-08-18,37.7,22.7,0.0
2026-08-19,40.5,23.7,0.0
2026-08-20,35.7,24.2,4.7
2026-08-21,34.4,21.7,0.0
2026-08-22,32.5,22.9,0.0
2026-08-23,34.2,23.2,0.1
2026-08-24,32.4,23.9,1.7
2026-08-25,34.8,22.7,0.0
2026-08-26,35.0,22.5,0.1
2026-08-27,36.6,23.5,0.1
2026-08-28,28.6,23.6,2.3
2026-08-29,31.8,19.7,0.0
2026-08-30,33.6,19.4,0.0
2026-08-31,33.1,19.8,0.0
2026-09-01,30.9,22.5,0.3
2026-09-02,33.4,22.4,0.0
2026-09-03,34.4,22.0,0.0
2026-09-04,37.1,22.5,0.0
2026-09-05,36.5,21.8,0.0
2026-09-06,35.2,20.8,0.0
2026-09-07,36.8,21.2,0.0
2026-09-08,37.5,22.1,0.0
2026-09-09,36.9,23.2,3.4
2026-09-10,28.7,19.1,1.6
2026-09-11,29.4,18.9,0.2
2026-09-12,29.9,19.7,0.0
2026-09-13,29.9,20.0,0.0
2026-09-14,31.9,18.4,0.0
2026-09-15,33.3,18.2,0.0
2026-09-16,31.5,18.9,1.0
2026-09-17,23.1,17.2,12.3
2026-09-18,26.8,18.0,1.6
2026-09-19,26.5,18.1,3.4
2026-09-20,27.4,18.2,0.2
2026-09-21,29.5,17.1,0.0
2026-09-22,31.4,17.1,0.0
2026-09-23,30.3,16.6,0.0
2026-09-24,30.2,17.7,0.0
2026-09-25,35.5,18.6,0.0
2026-09-26,30.8,21.0,0.0
2026-09-27,28.8,17.7,0.0
2026-09-28,29.0,20.0,0.2
2026-09-29,30.4,20.8,0.1
2026-09-30,30.7,19.9,0.0
2026-10-01,31.5,20.9,0.4
2026-10-02,25.2,20.1,9.2
2026-10-03,26.1,19.4,0.3
2026-10-04,25.5,18.6,10.9
